{"files":{"index.html":{"frameworks":["new_website","pg.insight.events","pg.code-validator","pg.project.items","pg.blocks","pg.asset.manager","pg.fontawesome","bs3.3.6","pg.html","pg.components"],"last_page_width":1024}},"breakpoints":["300px","480px","768px","800px","900px","992px","1200px"],"frameworks":["new_website","pg.insight.events","pg.code-validator","pg.project.items","pg.blocks","pg.asset.manager","pg.fontawesome","bs3.3.6","pg.html","pg.components"],"template_framework_id":"pg.blocks"}